YY,MM,DD,Maximum Temperature,Precipitation,Day Of The Week,Weekday or Weekend,A Public Hoilday,Attendance
2009,5,26,66,0,2,0,0,46946
2009,5,27,63,0,3,0,0,67881
2009,5,28,59,1,4,0,0,97024
2009,5,29,71,1,5,0,0,46685
2009,5,30,76,0,6,1,0,27064
2009,5,31,79,0,0,1,0,68520
2009,6,1,66,0,1,0,0,10988
2009,6,2,79,1,2,0,0,40645
2009,6,3,71,1,3,0,0,4047
2009,6,4,65,1,4,0,0,39236
2009,6,5,61,1,5,0,0,64921
2009,6,6,74,0,6,1,0,46840
2009,6,7,80,0,0,1,0,102551
2009,6,8,73,0,1,0,0,9396
2009,6,9,70,1,2,0,0,14996
2009,6,10,66,0,3,0,0,37224
2009,6,11,63,1,4,0,0,61616
2009,6,12,79,1,5,0,0,7728
2009,6,13,72,1,6,1,0,21003
2009,6,14,71,0,0,1,0,46910
2009,6,15,69,1,1,0,0,25945
2009,6,16,66,0,2,0,0,43422
2009,6,17,67,0,3,0,0,45350
2009,6,18,65,1,4,0,0,64990
2009,6,19,77,0,5,0,0,11195
2009,6,20,71,1,6,1,0,3374
2009,6,21,77,1,0,1,0,59084
2009,6,22,73,0,1,0,0,16359
2009,6,23,79,1,2,0,0,2013
2009,6,24,74,1,3,0,0,28424
2009,6,25,77,0,4,0,0,17392
2009,6,26,82,1,5,0,0,3772
2009,6,27,81,1,6,1,0,38012
2009,6,28,78,0,0,1,0,54416
2009,6,29,83,0,1,0,0,18279
2009,6,30,82,1,2,0,0,3390
2009,7,1,78,0,3,0,0,21478
2009,7,2,76,1,4,0,0,1838
2009,7,3,79,0,5,0,1,377463
2009,7,4,81,0,6,1,0,68908
2009,7,5,79,0,0,1,0,86606
2009,7,6,82,0,1,0,0,40967
2009,7,7,80,1,2,0,0,21326
2009,7,8,78,1,3,0,0,5144
2009,7,9,71,0,4,0,0,31339
2009,7,10,74,0,5,0,0,23764
2009,7,11,76,0,6,1,0,32273
2009,7,12,83,1,0,1,0,89278
2009,7,13,78,0,1,0,0,9083
2009,7,14,79,0,2,0,0,7155
2009,7,15,80,0,3,0,0,5227
2009,7,16,82,0,4,0,0,8050
2009,7,17,84,1,5,0,0,7416
2009,7,18,83,0,6,1,0,52657
2009,7,19,82,0,0,1,0,75106
2009,7,20,81,0,1,0,0,10460
2009,7,21,72,1,2,0,0,42440
2009,7,22,81,0,3,0,0,2899
2009,7,23,77,1,4,0,0,32042
2009,7,24,78,1,5,0,0,33971
2009,7,25,83,0,6,1,0,39779
2009,7,26,84,1,0,1,0,68275
2009,7,27,83,1,1,0,0,3629
2009,7,28,84,0,2,0,0,5158
2009,7,29,82,1,3,0,0,14482
2009,7,30,86,0,4,0,0,1301
2009,7,31,86,1,5,0,0,8836
2009,8,1,82,0,6,1,0,64307
2009,8,2,76,1,0,1,0,59541
2009,8,3,83,0,1,0,0,36365
2009,8,4,84,0,2,0,0,34437
2009,8,5,86,0,3,0,0,37260
2009,8,6,77,0,4,0,0,12183
2009,8,7,81,0,5,0,0,143
2009,8,8,77,0,6,1,0,27672
2009,8,9,79,0,0,1,0,64376
2009,8,10,91,1,1,0,0,58042
2009,8,11,88,0,2,0,0,40565
2009,8,12,80,0,3,0,0,4126
2009,8,13,74,0,4,0,0,39315
2009,8,14,83,0,5,0,0,3231
2009,8,15,86,0,6,1,0,57558
2009,8,16,90,0,0,1,0,103765
2009,8,17,90,0,1,0,0,43871
2009,8,18,88,1,2,0,0,24231
2009,8,19,88,0,3,0,0,21008
2009,8,20,88,0,4,0,0,14329
2009,8,21,88,1,5,0,0,4192
2009,8,22,83,1,6,1,0,26969
2009,8,23,84,0,0,1,0,62379
2009,8,24,83,0,1,0,0,2267
2009,8,25,84,0,2,0,0,4195
2009,8,26,86,0,3,0,0,1372
2009,8,27,77,0,4,0,0,50815
2009,8,28,73,1,5,0,0,79958
2009,8,29,72,1,6,1,0,38175
2009,8,30,82,0,0,1,0,39999
2009,8,31,71,0,1,0,0,72162
2009,9,1,73,0,2,0,0,27183
2009,9,2,75,0,3,0,0,24359
2009,9,3,76,0,4,0,0,26288
2009,9,4,82,0,5,0,0,4458
2009,9,5,84,0,6,1,0,51579
2009,9,6,73,0,0,1,0,26514
2009,9,7,72,0,1,0,1,326460
2009,9,8,74,0,2,0,0,35309
2009,9,9,75,0,3,0,0,37237
2009,9,10,69,0,4,0,0,72426
2010,5,26,90,0,3,0,0,65578
2010,5,27,84,0,4,0,0,30390
2010,5,28,68,0,5,0,0,52314
2010,5,29,73,0,6,1,0,17978
2010,5,30,85,0,0,1,0,102197
2010,5,31,80,0,1,0,1,383138
2010,6,1,84,0,2,0,0,73028
2010,6,2,82,0,3,0,0,56845
2010,6,3,86,0,4,0,0,69172
2010,6,4,87,0,5,0,0,67243
2010,6,5,87,0,6,1,0,113778
2010,6,6,88,0,0,1,0,145731
2010,6,7,75,0,1,0,0,24067
2010,6,8,72,0,2,0,0,3133
2010,6,9,68,1,3,0,0,26010
2010,6,10,73,1,4,0,0,8933
2010,6,11,69,0,5,0,0,31161
2010,6,12,76,0,6,1,0,48634
2010,6,13,75,1,0,1,0,67627
2010,6,14,75,0,1,0,0,11190
2010,6,15,77,0,2,0,0,14013
2010,6,16,73,0,3,0,0,11673
2010,6,17,74,1,4,0,0,17059
2010,6,18,83,0,5,0,0,22483
2010,6,19,77,0,6,1,0,40509
2010,6,20,87,0,0,1,0,115225
2010,6,21,88,0,1,0,0,60082
2010,6,22,80,1,2,0,0,11933
2010,6,23,89,0,3,0,0,51474
2010,6,24,92,0,4,0,0,59049
2010,6,25,86,0,5,0,0,23860
2010,6,26,87,0,6,1,0,75146
2010,6,27,89,0,0,1,0,111850
2010,6,28,93,0,1,0,0,70962
2010,6,29,88,0,2,0,0,40525
2010,6,30,78,0,3,0,0,13670
2010,7,1,77,0,4,0,0,15215
2010,7,2,81,0,5,0,0,27542
2010,7,3,87,0,6,1,0,102586
2010,7,4,94,0,0,1,0,163047
2010,7,5,96,0,1,0,1,477248
2010,7,6,99,0,2,0,0,120231
2010,7,7,97,0,3,0,0,104048
2010,7,8,86,0,4,0,0,45102
2010,7,9,86,0,5,0,0,38422
2010,7,10,82,0,6,1,0,65951
2010,7,11,89,0,0,1,0,126412
2010,7,12,90,0,1,0,0,71270
2010,7,13,83,1,2,0,0,27872
2010,7,14,80,1,3,0,0,6938
2010,7,15,85,1,4,0,0,24015
2010,7,16,89,0,5,0,0,39799
2010,7,17,92,0,6,1,0,100588
2010,7,18,92,0,0,1,0,127790
2010,7,19,89,1,1,0,0,50183
2010,7,20,87,0,2,0,0,37458
2010,7,21,90,0,3,0,0,45033
2010,7,22,87,0,4,0,0,24099
2010,7,23,84,1,5,0,0,293
2010,7,24,95,0,6,1,0,101966
2010,7,25,91,1,0,1,0,106703
2010,7,26,86,0,1,0,0,26509
2010,7,27,89,0,2,0,0,34084
2010,7,28,86,0,3,0,0,13149
2010,7,29,86,0,4,0,0,6470
2010,7,30,80,0,5,0,0,28719
2010,7,31,80,0,6,1,0,17816
2010,8,1,78,0,0,1,0,77670
2010,8,2,81,0,1,0,0,32030
2010,8,3,82,0,2,0,0,30102
2010,8,4,87,0,3,0,0,47180
2010,8,5,91,0,4,0,0,59506
2010,8,6,87,0,5,0,0,33820
2010,8,7,82,0,6,1,0,56598
2010,8,8,85,0,0,1,0,98053
2010,8,9,88,0,1,0,0,52414
2010,8,10,88,0,2,0,0,45734
2010,8,11,90,0,3,0,0,48557
2010,8,12,77,1,4,0,0,23350
2010,8,13,77,0,5,0,0,26572
2010,8,14,77,0,6,1,0,19963
2010,8,15,77,1,0,1,0,43707
2010,8,16,83,1,1,0,0,12321
2010,8,17,89,0,2,0,0,37608
2010,8,18,81,0,3,0,0,7084
2010,8,19,87,0,4,0,0,14746
2010,8,20,89,0,5,0,0,17569
2010,8,21,79,0,6,1,0,16589
2010,8,22,81,1,0,1,0,49835
2010,8,23,72,1,1,0,0,52823
2010,8,24,70,0,2,0,0,65548
2010,8,25,71,1,3,0,0,70934
2010,8,26,82,0,4,0,0,21889
2010,8,27,78,0,5,0,0,47575
2010,8,28,82,0,6,1,0,17966
2010,8,29,94,0,0,1,0,102185
2010,8,30,90,0,1,0,0,23285
2010,8,31,95,0,2,0,0,40362
2010,9,1,93,0,3,0,0,66336
2010,9,2,88,0,4,0,0,35899
2010,9,3,83,0,5,0,0,5461
2010,9,4,80,0,6,1,0,37742
2010,9,5,76,0,0,1,0,45937
2010,9,6,77,0,1,0,1,355386
2010,9,7,83,0,2,0,0,12623
2010,9,8,89,0,3,0,0,34453
2010,9,9,70,0,4,0,0,62506
2010,9,10,71,0,5,0,0,64434
2011,5,26,76,0,4,0,0,2454
2011,5,27,79,0,5,0,0,5121
2011,5,28,81,0,6,1,0,61159
2011,5,29,80,0,0,1,0,83608
2011,5,30,85,1,1,0,1,408606
2011,5,31,83,0,2,0,0,31289
2011,6,1,86,0,3,0,0,81020
2011,6,2,84,0,4,0,0,64837
2011,6,3,76,0,5,0,0,20145
2011,6,4,76,0,6,1,0,66680
2011,6,5,66,0,0,1,0,46366
2011,6,6,79,0,1,0,0,48241
2011,6,7,88,0,2,0,0,84325
2011,6,8,90,0,3,0,0,87148
2011,6,9,94,1,4,0,0,96017
2011,6,10,84,0,5,0,0,45280
2011,6,11,72,1,6,1,0,31339
2011,6,12,71,1,0,1,0,53789
2011,6,13,73,0,1,0,0,6855
2011,6,14,67,0,2,0,0,28334
2011,6,15,83,0,3,0,0,41011
2011,6,16,84,0,4,0,0,39082
2011,6,17,76,1,5,0,0,9067
2011,6,18,82,0,6,1,0,69434
2011,6,19,80,0,0,1,0,87133
2011,6,20,78,0,1,0,0,17735
2011,6,21,80,0,2,0,0,20558
2011,6,22,79,1,3,0,0,5670
2011,6,23,71,1,4,0,0,39022
2011,6,24,70,0,5,0,0,46996
2011,6,25,78,0,6,1,0,37551
2011,6,26,79,0,0,1,0,69504
2011,6,27,81,0,1,0,0,19112
2011,6,28,82,0,2,0,0,17184
2011,6,29,82,0,3,0,0,10504
2011,6,30,81,0,4,0,0,927
2011,7,1,82,0,5,0,0,37462
2011,7,2,84,0,6,1,0,93499
2011,7,3,76,1,0,1,0,79231
2011,7,4,86,0,1,0,1,434901
2011,7,5,88,0,2,0,0,73132
2011,7,6,87,0,3,0,0,61701
2011,7,7,89,0,4,0,0,64524
2011,7,8,82,1,5,0,0,21127
2011,7,9,87,1,6,1,0,91419
2011,7,10,83,0,0,1,0,103072
2011,7,11,89,0,1,0,0,71686
2011,7,12,92,0,2,0,0,79261
2011,7,13,86,0,3,0,0,44072
2011,7,14,81,0,4,0,0,13635
2011,7,15,84,0,5,0,0,21210
2011,7,16,88,0,6,1,0,86751
2011,7,17,89,0,0,1,0,118703
2011,7,18,93,0,1,0,0,77815
2011,7,19,91,0,2,0,0,61632
2011,7,20,85,0,3,0,0,26444
2011,7,21,93,0,4,0,0,57776
2011,7,22,102,0,5,0,0,93860
2011,7,23,98,0,6,1,0,121389
2011,7,24,89,1,0,1,0,102369
2011,7,25,80,1,1,0,0,289
2011,7,26,89,1,2,0,0,35795
2011,7,27,84,0,3,0,0,8815
2011,7,28,84,0,4,0,0,2135
2011,7,29,83,1,5,0,0,12754
2011,7,30,91,1,6,1,0,71793
2011,7,31,89,0,0,1,0,92949
2011,8,1,90,0,1,0,0,79962
2011,8,2,89,0,2,0,0,68531
2011,8,3,83,1,3,0,0,29885
2011,8,4,80,1,4,0,0,8951
2011,8,5,83,0,5,0,0,19983
2011,8,6,82,0,6,1,0,61766
2011,8,7,88,1,0,1,0,114019
2011,8,8,90,0,1,0,0,67085
2011,8,9,82,1,2,0,0,18936
2011,8,10,86,0,3,0,0,34719
2011,8,11,82,0,4,0,0,9034
2011,8,12,83,0,5,0,0,7105
2011,8,13,84,0,6,1,0,58392
2011,8,14,76,1,0,1,0,44123
2011,8,15,76,1,1,0,0,15771
2011,8,16,78,0,2,0,0,9490
2011,8,17,84,0,3,0,0,12339
2011,8,18,81,1,4,0,0,12053
2011,8,19,82,1,5,0,0,13981
2011,8,20,83,0,6,1,0,40763
2011,8,21,83,1,0,1,0,64507
2011,8,22,77,1,1,0,0,23897
2011,8,23,78,0,2,0,0,22368
2011,8,24,79,0,3,0,0,24296
2011,8,25,79,1,4,0,0,34433
2011,8,26,82,0,5,0,0,23401
2011,8,27,76,1,6,1,0,8832
2011,8,28,75,1,0,1,0,13617
2011,8,29,77,0,1,0,0,33317
2011,8,30,80,0,2,0,0,25742
2011,8,31,82,0,3,0,0,22919
2011,9,1,80,0,4,0,0,3055
2011,9,2,75,0,5,0,0,27382
2011,9,3,81,0,6,1,0,47662
2011,9,4,83,0,0,1,0,84366
2011,9,5,80,0,1,0,1,374809
2011,9,6,74,1,2,0,0,28429
2011,9,7,69,1,3,0,0,58867
2011,9,8,76,1,4,0,0,32286
2011,9,9,84,0,5,0,0,2504
2011,9,10,79,0,6,1,0,25281
2012,5,26,82,1,6,1,0,69461
2012,5,27,80,1,0,1,0,87159
2012,5,28,87,0,1,0,1,428575
2012,5,29,87,1,2,0,0,53845
2012,5,30,77,0,3,0,0,3108
2012,5,31,81,0,4,0,0,15434
2012,6,1,70,0,5,0,0,1356
2012,6,2,76,1,6,1,0,70231
2012,6,3,77,0,0,1,0,105641
2012,6,4,66,1,1,0,0,9978
2012,6,5,64,0,2,0,0,22703
2012,6,6,71,0,3,0,0,3878
2012,6,7,75,1,4,0,0,12747
2012,6,8,79,0,5,0,0,28530
2012,6,9,79,0,6,1,0,75065
2012,6,10,80,0,0,1,0,107018
2012,6,11,76,0,1,0,0,28117
2012,6,12,73,1,2,0,0,3726
2012,6,13,70,1,3,0,0,17208
2012,6,14,74,0,4,0,0,1425
2012,6,15,79,0,5,0,0,15653
2012,6,16,77,0,6,1,0,52685
2012,6,17,68,0,0,1,0,37122
2012,6,18,68,0,1,0,0,22772
2012,6,19,75,0,2,0,0,3809
2012,6,20,95,0,3,0,0,92159
2012,6,21,96,0,4,0,0,90231
2012,6,22,92,1,5,0,0,61088
2012,6,23,85,1,6,1,0,74362
2012,6,24,83,0,0,1,0,95518
2012,6,25,75,1,1,0,0,5846
2012,6,26,73,0,2,0,0,18571
2012,6,27,83,0,3,0,0,22264
2012,6,28,87,0,4,0,0,34590
2012,6,29,95,1,5,0,0,62465
2012,6,30,93,0,6,1,0,102954
2012,7,1,94,0,0,1,0,175224
2012,7,2,88,0,1,0,0,86820
2012,7,3,88,0,2,0,0,80140
2012,7,4,90,0,3,0,1,447556
2012,7,5,93,0,4,0,0,90538
2012,7,6,89,0,5,0,0,64853
2012,7,7,96,0,6,1,0,144648
2012,7,8,90,1,0,1,0,139883
2012,7,9,83,0,1,0,0,50185
2012,7,10,83,0,2,0,0,43506
2012,7,11,83,0,3,0,0,36826
2012,7,12,86,0,4,0,0,44401
2012,7,13,87,0,5,0,0,42472
2012,7,14,85,0,6,1,0,79504
2012,7,15,87,1,0,1,0,112751
2012,7,16,90,0,1,0,0,70569
2012,7,17,93,0,2,0,0,78143
2012,7,18,98,1,3,0,0,91764
2012,7,19,77,0,4,0,0,11240
2012,7,20,73,1,5,0,0,40383
2012,7,21,76,0,6,1,0,23863
2012,7,22,81,0,0,1,0,74822
2012,7,23,85,1,1,0,0,30476
2012,7,24,92,0,2,0,0,60514
2012,7,25,85,0,3,0,0,20574
2012,7,26,90,1,4,0,0,34195
2012,7,27,89,0,5,0,0,26221
2012,7,28,82,1,6,1,0,36038
2012,7,29,78,0,0,1,0,47690
2012,7,30,79,0,1,0,0,7453
2012,7,31,78,0,2,0,0,18884
2012,8,1,78,1,3,0,0,13135
2012,8,2,87,0,4,0,0,52676
2012,8,3,89,0,5,0,0,55500
2012,8,4,88,0,6,1,0,97283
2012,8,5,89,1,0,1,0,125778
2012,8,6,87,1,1,0,0,56381
2012,8,7,81,0,2,0,0,24650
2012,8,8,86,0,3,0,0,41727
2012,8,9,86,0,4,0,0,35048
2012,8,10,82,1,5,0,0,5904
2012,8,11,85,0,6,1,0,70151
2012,8,12,86,0,0,1,0,102104
2012,8,13,85,0,1,0,0,37458
2012,8,14,79,0,2,0,0,2269
2012,8,15,80,1,3,0,0,3116
2012,8,16,85,0,4,0,0,17419
2012,8,17,87,0,5,0,0,20242
2012,8,18,78,1,6,1,0,20556
2012,8,19,75,0,0,1,0,36960
2012,8,20,78,0,1,0,0,8680
2012,8,21,80,0,2,0,0,5857
2012,8,22,81,0,3,0,0,7785
2012,8,23,83,0,4,0,0,4962
2012,8,24,85,0,5,0,0,2138
2012,8,25,81,0,6,1,0,25391
2012,8,26,80,0,0,1,0,47840
2012,8,27,80,1,1,0,0,15512
2012,8,28,87,1,2,0,0,11069
2012,8,29,79,0,3,0,0,30165
2012,8,30,83,0,4,0,0,17839
2012,8,31,91,0,5,0,0,13493
2012,9,1,88,0,6,1,0,87930
2012,9,2,80,0,0,1,0,77119
2012,9,3,78,1,1,0,1,368857
2012,9,4,78,1,2,0,0,2415
2012,9,5,82,1,3,0,0,9911
2012,9,6,79,0,4,0,0,7566
2012,9,7,85,0,5,0,0,14263
2012,9,8,82,1,6,1,0,43086
2012,9,9,77,0,0,1,0,49987
2012,9,10,72,0,1,0,0,33665
2013,5,26,66,0,0,1,0,29263
2013,5,27,72,0,1,0,1,362470
2013,5,28,69,1,2,0,0,26514
2013,5,29,78,0,3,0,0,13028
2013,5,30,88,0,4,0,0,53863
2013,5,31,89,0,5,0,0,51935
2013,6,1,84,0,6,1,0,116868
2013,6,2,82,0,0,1,0,134566
2013,6,3,76,1,1,0,0,42706
2013,6,4,75,0,2,0,0,34732
2013,6,5,71,0,3,0,0,9046
2013,6,6,70,0,4,0,0,2385
2013,6,7,64,1,5,0,0,41031
2013,6,8,76,1,6,1,0,62522
2013,6,9,79,0,0,1,0,107435
2013,6,10,69,1,1,0,0,3432
2013,6,11,80,1,2,0,0,42155
2013,6,12,75,0,3,0,0,15175
2013,6,13,68,1,4,0,0,28223
2013,6,14,71,1,5,0,0,20648
2013,6,15,80,0,6,1,0,72108
2013,6,16,80,0,0,1,0,99309
2013,6,17,83,0,1,0,0,53669
2013,6,18,79,1,2,0,0,24526
2013,6,19,75,0,3,0,0,2297
2013,6,20,77,0,4,0,0,5121
2013,6,21,79,0,5,0,0,7944
2013,6,22,80,0,6,1,0,59230
2013,6,23,84,0,0,1,0,105437
2013,6,24,92,0,1,0,0,83555
2013,6,25,90,0,2,0,0,67372
2013,6,26,86,1,3,0,0,38229
2013,6,27,82,1,4,0,0,12543
2013,6,28,84,0,5,0,0,18824
2013,6,29,82,0,6,1,0,55856
2013,6,30,82,0,0,1,0,83057
2013,7,1,76,1,1,0,0,31513
2013,7,2,81,1,2,0,0,48591
2013,7,3,82,1,3,0,0,46663
2013,7,4,87,0,4,0,1,431790
2013,7,5,88,0,5,0,0,65270
2013,7,6,93,0,6,1,0,135562
2013,7,7,91,0,0,1,0,153260
2013,7,8,88,0,1,0,0,79111
2013,7,9,88,1,2,0,0,68974
2013,7,10,86,0,3,0,0,56249
2013,7,11,85,0,4,0,0,44817
2013,7,12,77,1,5,0,0,3332
2013,7,13,79,1,6,1,0,52706
2013,7,14,90,0,0,1,0,135631
2013,7,15,93,0,1,0,0,89991
2013,7,16,94,0,2,0,0,88063
2013,7,17,94,0,3,0,0,81383
2013,7,18,97,0,4,0,0,88958
2013,7,19,96,0,5,0,0,77527
2013,7,20,94,0,6,1,0,114559
2013,7,21,86,0,0,1,0,103748
2013,7,22,82,1,1,0,0,21390
2013,7,23,87,1,2,0,0,38468
2013,7,24,83,0,3,0,0,16240
2013,7,25,70,0,4,0,0,52210
2013,7,26,81,0,5,0,0,6623
2013,7,27,82,0,6,1,0,44663
2013,7,28,79,1,0,1,0,54153
2013,7,29,85,1,1,0,0,22767
2013,7,30,81,0,2,0,0,539
2013,7,31,81,0,3,0,0,6141
2013,8,1,77,1,4,0,0,6872
2013,8,2,84,0,5,0,0,36911
2013,8,3,79,0,6,1,0,59688
2013,8,4,81,0,0,1,0,96392
2013,8,5,78,0,1,0,0,22243
2013,8,6,80,0,2,0,0,25066
2013,8,7,80,0,3,0,0,18387
2013,8,8,81,1,4,0,0,13001
2013,8,9,85,1,5,0,0,25327
2013,8,10,83,0,6,1,0,65817
2013,8,11,80,0,0,1,0,78763
2013,8,12,80,1,1,0,0,15411
2013,8,13,76,1,2,0,0,10274
2013,8,14,75,0,3,0,0,18248
2013,8,15,76,0,4,0,0,20176
2013,8,16,79,0,5,0,0,12602
2013,8,17,80,0,6,1,0,38685
2013,8,18,76,0,0,1,0,46880
2013,8,19,78,0,1,0,0,3512
2013,8,20,86,0,2,0,0,27821
2013,8,21,88,0,3,0,0,30644
2013,8,22,78,1,4,0,0,27008
2013,8,23,82,0,5,0,0,11224
2013,8,24,78,0,6,1,0,16304
2013,8,25,82,0,0,1,0,62512
2013,8,26,84,0,1,0,0,12120
2013,8,27,86,0,2,0,0,14943
2013,8,28,83,1,3,0,0,9448
2013,8,29,79,0,4,0,0,31677
2013,8,30,83,0,5,0,0,19350
2013,8,31,83,0,6,1,0,27185
2013,9,1,83,0,0,1,0,96542
2013,9,2,81,1,1,0,1,388280
2013,9,3,82,1,2,0,0,21759
2013,9,4,82,0,3,0,0,18537
2013,9,5,79,0,4,0,0,2398
2013,9,6,70,0,5,0,0,51841
2013,9,7,78,0,6,1,0,32706
2013,9,8,82,0,0,1,0,78913
2013,9,9,71,0,1,0,0,33248
2013,9,10,84,0,2,0,0,21842
2014,5,26,85,0,1,0,1,429408
2014,5,27,84,0,2,0,0,53385
2014,5,28,67,0,3,0,0,34071
2014,5,29,62,0,4,0,0,64508
2014,5,30,72,0,5,0,0,23673
2014,5,31,69,0,6,1,0,8608
2014,6,1,75,0,0,1,0,106474
2014,6,2,77,0,1,0,0,56083
2014,6,3,83,1,2,0,0,74455
2014,6,4,79,0,3,0,0,52226
2014,6,5,75,1,4,0,0,23083
2014,6,6,76,0,5,0,0,24612
2014,6,7,80,0,6,1,0,90153
2014,6,8,84,0,0,1,0,136360
2014,6,9,72,1,1,0,0,15991
2014,6,10,75,0,2,0,0,27023
2014,6,11,69,0,3,0,0,8166
2014,6,12,74,0,4,0,0,8912
2014,6,13,76,1,5,0,0,8278
2014,6,14,75,0,6,1,0,53519
2014,6,15,80,0,0,1,0,104477
2014,6,16,78,0,1,0,0,35080
2014,6,17,85,0,2,0,0,61661
2014,6,18,88,0,3,0,0,69235
2014,6,19,77,0,4,0,0,10289
2014,6,20,80,0,5,0,0,17864
2014,6,21,75,0,6,1,0,40641
2014,6,22,76,0,0,1,0,72594
2014,6,23,80,0,1,0,0,31705
2014,6,24,79,0,2,0,0,20274
2014,6,25,83,0,3,0,0,32600
2014,6,26,85,1,4,0,0,31966
2014,6,27,80,0,5,0,0,4986
2014,6,28,86,0,6,1,0,80030
2014,6,29,80,0,0,1,0,78722
2014,6,30,82,0,1,0,0,28331
2014,7,1,86,0,2,0,0,80974
2014,7,2,88,1,3,0,0,80340
2014,7,3,86,1,4,0,0,64157
2014,7,4,74,1,5,0,1,365052
2014,7,5,82,0,6,1,0,88464
2014,7,6,83,0,0,1,0,120416
2014,7,7,88,0,1,0,0,84279
2014,7,8,89,1,2,0,0,78894
2014,7,9,86,0,3,0,0,61417
2014,7,10,81,0,4,0,0,30980
2014,7,11,83,0,5,0,0,33803
2014,7,12,84,0,6,1,0,85089
2014,7,13,80,0,0,1,0,93285
2014,7,14,83,1,1,0,0,44187
2014,7,15,84,1,2,0,0,42259
2014,7,16,81,0,3,0,0,24782
2014,7,17,79,0,4,0,0,8599
2014,7,18,81,0,5,0,0,11423
2014,7,19,76,0,6,1,0,34200
2014,7,20,77,0,0,1,0,66153
2014,7,21,82,0,1,0,0,30016
2014,7,22,84,0,2,0,0,32839
2014,7,23,86,1,3,0,0,32205
2014,7,24,81,0,4,0,0,5225
2014,7,25,82,0,5,0,0,3297
2014,7,26,80,0,6,1,0,40329
2014,7,27,85,0,0,1,0,91287
2014,7,28,83,1,1,0,0,18433
2014,7,29,77,0,2,0,0,13299
2014,7,30,80,0,3,0,0,5724
2014,7,31,82,0,4,0,0,2901
2014,8,1,82,0,5,0,0,32576
2014,8,2,74,1,6,1,0,37641
2014,8,3,75,1,0,1,0,69594
2014,8,4,82,0,1,0,0,46417
2014,8,5,86,0,2,0,0,58744
2014,8,6,83,0,3,0,0,37809
2014,8,7,83,0,4,0,0,31130
2014,8,8,82,0,5,0,0,19699
2014,8,9,84,0,6,1,0,75736
2014,8,10,86,0,0,1,0,112441
2014,8,11,85,0,1,0,0,47795
2014,8,12,80,1,2,0,0,13900
2014,8,13,82,1,3,0,0,16723
2014,8,14,78,0,4,0,0,5505
2014,8,15,73,0,5,0,0,35942
2014,8,16,78,0,6,1,0,34350
2014,8,17,81,0,0,1,0,75806
2014,8,18,81,0,1,0,0,15911
2014,8,19,79,0,2,0,0,271
2014,8,20,81,0,3,0,0,2552
2014,8,21,80,0,4,0,0,8879
2014,8,22,76,1,5,0,0,38023
2014,8,23,73,0,6,1,0,2285
2014,8,24,78,0,0,1,0,48674
2014,8,25,87,0,1,0,0,31543
2014,8,26,84,0,2,0,0,10609
2014,8,27,87,0,3,0,0,18184
2014,8,28,81,0,4,0,0,17005
2014,8,29,77,0,5,0,0,42691
2014,8,30,77,0,6,1,0,3844
2014,8,31,88,1,0,1,0,79854
2014,9,1,87,0,1,0,1,425414
2014,9,2,91,0,2,0,0,73148
2014,9,3,85,0,3,0,0,37960
2014,9,4,85,0,4,0,0,31280
2014,9,5,84,0,5,0,0,19849
2014,9,6,89,0,6,1,0,90141
2014,9,7,79,1,0,1,0,66370
2014,9,8,75,0,1,0,0,9073
2014,9,9,73,0,2,0,0,25256
2014,9,10,75,0,3,0,0,22433
2015,5,26,82,0,2,0,0,49050
2015,5,27,78,0,3,0,0,23364
2015,5,28,80,0,4,0,0,26188
2015,5,29,81,0,5,0,0,24259
2015,5,30,81,0,6,1,0,70794
2015,5,31,82,1,0,1,0,99289
2015,6,1,61,1,1,0,0,18230
2015,6,2,55,1,2,0,0,53419
2015,6,3,67,0,3,0,0,377
2015,6,4,64,0,4,0,0,20558
2015,6,5,67,0,5,0,0,12983
2015,6,6,75,1,6,1,0,68107
2015,6,7,71,0,0,1,0,79759
2015,6,8,76,0,1,0,0,43622
2015,6,9,83,0,2,0,0,70203
2015,6,10,80,0,3,0,0,49269
2015,6,11,88,0,4,0,0,80601
2015,6,12,84,0,5,0,0,54915
2015,6,13,85,0,6,1,0,106202
2015,6,14,85,1,0,1,0,129946
2015,6,15,80,1,1,0,0,46294
2015,6,16,78,1,2,0,0,30111
2015,6,17,79,0,3,0,0,31640
2015,6,18,70,0,4,0,0,17803
2015,6,19,86,0,5,0,0,51541
2015,6,20,76,1,6,1,0,47104
2015,6,21,89,1,0,1,0,136074
2015,6,22,88,0,1,0,0,74886
2015,6,23,90,0,2,0,0,77709
2015,6,24,84,0,3,0,0,42520
2015,6,25,82,0,4,0,0,26338
2015,6,26,79,0,5,0,0,5403
2015,6,27,71,1,6,1,0,10469
2015,6,28,73,1,0,1,0,47173
2015,6,29,78,0,1,0,0,14493
2015,6,30,81,0,2,0,0,22068
2015,7,1,84,1,3,0,0,66502
2015,7,2,80,0,4,0,0,44274
2015,7,3,81,0,5,0,0,42346
2015,7,4,76,0,6,1,1,429715
2015,7,5,82,0,0,1,0,120833
2015,7,6,82,0,1,0,0,60939
2015,7,7,85,0,2,0,0,68514
2015,7,8,88,1,3,0,0,72631
2015,7,9,78,1,4,0,0,18436
2015,7,10,84,0,5,0,0,43723
2015,7,11,85,0,6,1,0,95009
2015,7,12,87,0,0,1,0,131713
2015,7,13,84,0,1,0,0,57564
2015,7,14,79,1,2,0,0,23670
2015,7,15,81,0,3,0,0,29951
2015,7,16,78,0,4,0,0,9016
2015,7,17,79,0,5,0,0,7088
2015,7,18,84,1,6,1,0,73923
2015,7,19,91,0,0,1,0,137842
2015,7,20,93,0,1,0,0,87451
2015,7,21,89,0,2,0,0,61765
2015,7,22,85,0,3,0,0,36079
2015,7,23,84,0,4,0,0,24648
2015,7,24,85,0,5,0,0,22720
2015,7,25,85,0,6,1,0,69255
2015,7,26,88,0,0,1,0,110710
2015,7,27,85,1,1,0,0,33104
2015,7,28,92,0,2,0,0,63142
2015,7,29,93,0,3,0,0,61214
2015,7,30,84,1,4,0,0,8313
2015,7,31,90,0,5,0,0,33600
2015,8,1,90,0,6,1,0,122291
2015,8,2,87,0,0,1,0,135238
2015,8,3,89,0,1,0,0,84846
2015,8,4,91,1,2,0,0,84212
2015,8,5,88,0,3,0,0,66735
2015,8,6,82,0,4,0,0,31547
2015,8,7,82,0,5,0,0,24867
2015,8,8,81,0,6,1,0,66650
2015,8,9,84,0,0,1,0,108106
2015,8,10,80,0,1,0,0,29205
2015,8,11,80,1,2,0,0,19068
2015,8,12,85,0,3,0,0,39604
2015,8,13,83,0,4,0,0,23421
2015,8,14,86,0,5,0,0,30996
2015,8,15,90,0,6,1,0,96536
2015,8,16,90,0,0,1,0,123738
2015,8,17,90,0,1,0,0,63843
2015,8,18,88,0,2,0,0,47660
2015,8,19,86,0,3,0,0,31478
2015,8,20,86,0,4,0,0,24798
2015,8,21,86,1,5,0,0,14661
2015,8,22,83,0,6,1,0,50399
2015,8,23,81,0,0,1,0,68097
2015,8,24,85,0,1,0,0,27208
2015,8,25,87,0,2,0,0,30032
2015,8,26,82,0,3,0,0,406
2015,8,27,80,0,4,0,0,16588
2015,8,28,80,0,5,0,0,23268
2015,8,29,84,0,6,1,0,42273
2015,8,30,87,1,0,1,0,80271
2015,8,31,90,0,1,0,0,38089
2015,9,1,86,0,2,0,0,54559
2015,9,2,87,0,3,0,0,52631
2015,9,3,91,0,4,0,0,64957
2015,9,4,82,0,5,0,0,15514
2015,9,5,79,0,6,1,0,47794
2015,9,6,83,0,0,1,0,94001
2015,9,7,88,0,1,0,0,57864
2015,9,8,92,0,2,0,0,70191
2015,9,9,88,0,3,0,0,44505
2015,9,10,80,1,4,0,0,3644
2016,5,26,88,0,4,0,0,71208
2016,5,27,82,0,5,0,0,36019
2016,5,28,86,0,6,1,0,101560
2016,5,29,82,0,0,1,0,109755
2016,5,30,79,1,1,0,1,396741
2016,5,31,81,0,2,0,0,38429
2016,6,1,81,0,3,0,0,73906
2016,6,2,73,0,4,0,0,29214
2016,6,3,69,0,5,0,0,3528
2016,6,4,81,1,6,1,0,103624
2016,6,5,72,1,0,1,0,88061
2016,6,6,84,0,1,0,0,88642
2016,6,7,85,0,2,0,0,86714
2016,6,8,69,1,3,0,0,553
2016,6,9,73,0,4,0,0,16337
2016,6,10,78,0,5,0,0,33414
2016,6,11,85,0,6,1,0,113210
2016,6,12,86,0,0,1,0,145162
2016,6,13,74,0,1,0,0,28250
2016,6,14,80,0,2,0,0,50079
2016,6,15,84,0,3,0,0,62406
2016,6,16,75,1,4,0,0,9505
2016,6,17,75,0,5,0,0,6283
2016,6,18,84,0,6,1,0,95581
2016,6,19,82,0,0,1,0,113279
2016,6,20,80,0,1,0,0,43882
2016,6,21,87,0,2,0,0,70463
2016,6,22,87,0,3,0,0,63783
2016,6,23,80,0,4,0,0,23843
2016,6,24,82,0,5,0,0,26666
2016,6,25,82,0,6,1,0,73201
2016,6,26,83,0,0,1,0,105153
2016,6,27,81,1,1,0,0,32298
2016,6,28,75,1,2,0,0,2890
2016,6,29,86,0,3,0,0,46154
2016,6,30,85,0,4,0,0,34723
2016,7,1,80,1,5,0,0,41145
2016,7,2,78,0,6,1,0,81634
2016,7,3,80,0,0,1,0,118338
2016,7,4,83,1,1,0,1,433833
2016,7,5,88,1,2,0,0,86319
2016,7,6,91,0,3,0,0,97351
2016,7,7,90,0,4,0,0,85920
2016,7,8,84,0,5,0,0,50731
2016,7,9,72,1,6,1,0,36790
2016,7,10,80,1,0,1,0,102003
2016,7,11,81,0,1,0,0,50318
2016,7,12,81,0,2,0,0,43638
2016,7,13,83,0,3,0,0,46461
2016,7,14,87,1,4,0,0,55330
2016,7,15,90,0,5,0,0,66362
2016,7,16,89,0,6,1,0,108146
2016,7,17,89,0,0,1,0,135347
2016,7,18,92,1,1,0,0,86250
2016,7,19,84,0,2,0,0,45015
2016,7,20,82,0,3,0,0,28833
2016,7,21,88,0,4,0,0,50662
2016,7,22,94,0,5,0,0,72491
2016,7,23,96,0,6,1,0,128529
2016,7,24,91,0,0,1,0,131973
2016,7,25,90,1,1,0,0,63869
2016,7,26,91,0,2,0,0,65399
2016,7,27,90,0,3,0,0,53967
2016,7,28,91,0,4,0,0,52039
2016,7,29,84,1,5,0,0,8641
2016,7,30,82,1,6,1,0,45673
2016,7,31,80,1,0,1,0,63371
2016,8,1,79,0,1,0,0,44339
2016,8,2,77,0,2,0,0,28156
2016,8,3,80,0,3,0,0,35731
2016,8,4,81,0,4,0,0,33803
2016,8,5,83,0,5,0,0,36626
2016,8,6,87,0,6,1,0,102167
2016,8,7,88,1,0,1,0,130662
2016,8,8,85,0,1,0,0,59971
2016,8,9,87,0,2,0,0,62794
2016,8,10,86,0,3,0,0,51363
2016,8,11,93,1,4,0,0,74486
2016,8,12,93,1,5,0,0,67807
2016,8,13,95,0,6,1,0,127302
2016,8,14,95,0,0,1,0,154503
2016,8,15,90,0,1,0,0,70851
2016,8,16,88,1,2,0,0,51211
2016,8,17,86,0,3,0,0,38486
2016,8,18,85,0,4,0,0,27054
2016,8,19,87,0,5,0,0,29878
2016,8,20,83,1,6,1,0,53949
2016,8,21,87,1,0,1,0,100156
2016,8,22,79,1,1,0,0,2250
2016,8,23,81,0,2,0,0,8531
2016,8,24,87,0,3,0,0,30360
2016,8,25,84,0,4,0,0,9426
2016,8,26,91,0,5,0,0,36006
2016,8,27,87,0,6,1,0,63535
2016,8,28,86,0,0,1,0,85985
2016,8,29,91,0,1,0,0,49848
2016,8,30,84,0,2,0,0,9908
2016,8,31,87,0,3,0,0,17483
2016,9,1,79,1,4,0,0,11490
2016,9,2,81,1,5,0,0,14313
2016,9,3,76,0,6,1,0,40548
2016,9,4,80,0,0,1,0,86755
2016,9,5,84,0,1,0,1,410459
2016,9,6,80,0,2,0,0,20181
2016,9,7,86,0,3,0,0,42010
2016,9,8,85,0,4,0,0,30579
2016,9,9,90,0,5,0,0,47656
2016,9,10,88,1,6,1,0,81231
2017,5,27,71,0,6,1,0,6000
2017,5,28,69,0,0,1,0,6400
2017,5,29,61,1,1,0,1,900
2017,5,30,60,0,2,0,0,500
2017,5,31,74,1,3,0,0,800
2017,6,1,81,0,4,0,0,4300
2017,6,2,75,0,5,0,0,4300
2017,6,3,74,0,6,1,0,8400
2017,6,4,69,0,0,1,0,1900
2017,6,5,66,1,1,0,0,600
2017,6,6,61,0,2,0,0,700
2017,6,7,67,0,3,0,0,900
2017,6,8,67,0,4,0,0,1800
2017,6,9,82,0,5,0,0,6200
2017,6,10,84,0,6,1,0,205450
2017,6,11,89,0,0,1,0,157000
2017,6,12,92,0,1,0,0,65500
2017,6,13,95,0,2,0,0,80800
2017,6,14,82,1,3,0,0,4900
2017,6,15,74,0,4,0,0,8200
2017,6,16,67,0,5,0,0,2300
2017,6,17,72,1,6,1,0,2500
2017,6,18,82,0,0,1,0,43400
2017,6,19,83,1,1,0,0,4500
2017,6,20,84,0,2,0,0,28200
2017,6,21,84,0,3,0,0,24200
2017,6,22,81,0,4,0,0,36000
2017,6,23,83,0,5,0,0,8200
2017,6,24,85,1,6,1,0,89500
2017,6,25,83,0,0,1,0,114800
2017,6,26,78,0,1,0,0,13800
2017,6,27,77,1,2,0,0,10000
2017,6,28,80,0,3,0,0,26500
2017,6,29,80,0,4,0,0,9300
2017,6,30,85,0,5,0,0,50400
2017,7,1,81,1,6,1,0,28800
2017,7,2,89,0,0,1,0,181600
2017,7,3,88,1,1,0,0,97500
2017,7,4,84,0,2,0,1,260000
2017,7,5,83,0,3,0,0,41000
2017,7,6,77,0,4,0,0,3000
2017,7,7,81,1,5,0,0,4200
2017,7,8,86,0,6,1,0,93500
2017,7,9,82,0,0,1,0,209000
2017,7,10,84,0,1,0,0,18000
2017,7,11,86,1,2,0,0,19500
2017,7,12,89,0,3,0,0,19500
2017,7,13,92,0,4,0,0,25500
2017,7,14,73,1,5,0,0,400
2017,7,15,83,0,6,1,0,206200
2017,7,16,84,0,0,1,0,254000
2017,7,17,84,0,1,0,0,25500
2017,7,18,86,0,2,0,0,68500
2017,7,19,91,0,3,0,0,47500
2017,7,20,94,0,4,0,0,27500
2017,7,21,93,0,5,0,0,98500
2017,7,22,88,0,6,1,0,136000
2017,7,23,79,1,0,1,0,90000
2017,7,24,74,1,1,0,0,2500
2017,7,25,70,0,2,0,0,2500
2017,7,26,77,0,3,0,0,71000
2017,7,27,77,0,4,0,0,22000
2017,7,28,82,0,5,0,0,72000
2017,7,29,76,0,6,1,0,16000
2017,7,30,80,0,0,1,0,167000
2017,7,31,87,0,1,0,0,30500
2017,8,1,90,0,2,0,0,91500
2017,8,2,85,1,3,0,0,16500
2017,8,3,85,0,4,0,0,15000
2017,8,4,83,1,5,0,0,29000
2017,8,5,80,1,6,1,0,38800
2017,8,6,76,0,0,1,0,123000
2017,8,7,71,1,1,0,0,345
2017,8,8,79,0,2,0,0,14400
2017,8,9,82,0,3,0,0,10500
2017,8,10,84,0,4,0,0,27500
2017,8,11,80,0,5,0,0,24000
2017,8,12,77,1,6,1,0,13600
2017,8,13,84,0,0,1,0,137000
2017,8,14,80,0,1,0,0,14500
2017,8,15,75,1,2,0,0,3000
2017,8,16,85,0,3,0,0,33500
2017,8,17,80,0,4,0,0,50100
2017,8,18,81,1,5,0,0,1500
2017,8,19,87,0,6,1,0,203000
2017,8,20,83,0,0,1,0,206000
2017,8,21,86,0,1,0,0,63000
2017,8,22,88,0,2,0,0,47000
2017,8,23,82,1,3,0,0,43500
2017,8,24,81,0,4,0,0,30000
2017,8,25,77,0,5,0,0,25000
2017,8,26,77,0,6,1,0,135000
2017,8,27,77,0,0,1,0,125000
2017,8,28,75,0,1,0,0,18000
2017,8,29,69,1,2,0,0,3000
2017,8,30,79,1,3,0,0,17000
2017,8,31,82,0,4,0,0,10500
2017,9,1,72,0,5,0,0,2900
2017,9,2,67,1,6,1,0,3200
2017,9,3,71,1,0,1,0,700
2017,9,4,80,0,1,0,1,143500
2017,9,5,83,0,2,0,0,13500
2017,9,6,73,1,3,0,0,800
2017,9,7,73,1,4,0,0,3300
2017,9,8,73,0,5,0,0,2900
2017,9,9,70,0,6,1,0,18000
2017,9,10,73,0,0,1,0,34000
2018,5,26,87,0,1,0,0,208000
2018,5,27,77,1,2,0,0,300
2018,5,28,66,0,3,0,1,6000
2018,5,29,82,0,4,0,0,11000
2018,5,30,72,0,5,0,0,4600
2018,5,31,67,0,6,1,0,3000
2018,6,1,77,1,0,1,0,1350
2018,6,2,86,0,1,0,0,110000
2018,6,3,71,1,2,0,0,7000
2018,6,4,70,1,3,0,0,7000
2018,6,5,75,0,4,0,0,3700
2018,6,6,70,0,5,0,0,7000
2018,6,7,69,0,6,1,0,7500
2018,6,8,79,0,0,1,0,22500
2018,6,9,79,0,1,0,0,275000
2018,6,10,72,0,2,0,0,4000
2018,6,11,70,0,3,0,0,10500
2018,6,12,72,0,4,0,0,3700
2018,6,13,76,0,5,0,0,700
2018,6,14,85,0,6,1,0,3500
2018,6,15,75,0,0,1,0,12500
2018,6,16,82,0,1,0,0,231500
2018,6,17,88,0,2,0,0,108000
2018,6,18,87,1,3,0,0,80000
2018,6,19,88,0,4,0,0,25300
2018,6,20,80,0,5,0,0,12000
2018,6,21,82,1,6,1,0,27500
2018,6,22,73,0,0,1,0,4000
2018,6,23,66,1,1,0,0,18500
2018,6,24,82,1,2,0,0,60000
2018,6,25,81,0,3,0,0,18500
2018,6,26,75,0,4,0,0,9200
2018,6,27,73,1,5,0,0,5500
2018,6,28,82,1,6,1,0,6000
2018,6,29,89,0,0,1,0,105000
2018,6,30,92,0,1,0,0,330000
2018,7,1,94,0,2,0,0,265000
2018,7,2,92,0,3,0,0,10000
2018,7,3,88,0,4,0,0,15000
2018,7,4,87,0,5,0,1,225000
2018,7,5,88,0,6,1,0,8500
2018,7,6,83,1,0,1,0,2500
2018,7,7,75,0,1,0,0,85000
2018,7,8,80,0,2,0,0,202000
2018,7,9,86,0,3,0,0,28500
2018,7,10,91,0,4,0,0,31000
2018,7,11,86,0,5,0,0,19500
2018,7,12,83,1,6,1,0,17500
2018,7,13,82,0,0,1,0,11700
2018,7,14,87,0,1,0,0,44000
2018,7,15,84,1,2,0,0,21000
2018,7,16,89,0,3,0,0,56500
2018,7,17,86,1,4,0,0,6500
2018,7,18,85,0,5,0,0,22000
2018,7,19,81,0,6,1,0,8000
2018,7,20,81,0,0,1,0,28500
2018,7,21,77,1,1,0,0,25800
2018,7,22,81,1,2,0,0,15000
2018,7,23,83,1,3,0,0,7500
2018,7,24,84,0,4,0,0,13000
2018,7,25,79,1,5,0,0,2000
2018,7,26,86,0,6,1,0,8000
2018,7,27,87,1,0,1,0,13000
2018,7,28,87,0,1,0,0,75500
2018,7,29,83,0,2,0,0,65500
2018,7,30,79,0,3,0,0,12000
2018,7,31,81,0,4,0,0,12200
2018,8,1,88,0,5,0,0,8000
2018,8,2,87,1,6,1,0,17500
2018,8,3,86,1,0,1,0,5200
2018,8,4,86,1,1,0,0,19500
2018,8,5,91,0,2,0,0,218000
2018,8,6,92,0,3,0,0,55500
2018,8,7,88,1,4,0,0,178000
2018,8,8,88,1,5,0,0,14800
2018,8,9,89,1,6,1,0,9000
2018,8,10,88,0,0,1,0,28000
2018,8,11,80,1,1,0,0,2500
2018,8,12,83,1,2,0,0,23500
2018,8,13,76,1,3,0,0,2000
2018,8,14,84,1,4,0,0,581500
2018,8,15,90,0,5,0,0,28500
2018,8,16,90,0,6,1,0,26500
2018,8,17,87,0,0,1,0,29500
2018,8,18,87,1,1,0,0,57000
2018,8,19,74,1,2,0,0,200
2018,8,20,74,0,3,0,0,9000
2018,8,21,78,0,4,0,0,8500
2018,8,22,86,1,5,0,0,19000
2018,8,23,80,0,6,1,0,28500
2018,8,24,83,0,0,1,0,52500
2018,8,25,80,0,1,0,0,119500
2018,8,26,82,0,2,0,0,137500
2018,8,27,88,0,3,0,0,133500
2018,8,28,94,0,4,0,0,48
2018,8,29,95,0,5,0,0,70000
2018,8,30,90,0,6,1,0,45500
2018,8,31,80,0,0,1,0,7200
2018,9,1,78,0,1,0,0,44500
2018,9,2,81,0,2,0,0,81000
2018,9,3,88,0,3,0,1,229300
2018,9,4,92,0,4,0,0,70000
2018,9,5,88,0,5,0,0,7500
2018,9,6,93,1,6,1,0,17500
2018,9,7,77,0,0,1,0,2000
2018,9,8,71,0,1,0,0,6500
2018,9,9,64,1,2,0,0,500
